#probe,ID,x,y,rads,angs,azAngs,angs_azAng,RA,DEC,g_mag,r_mag,i_mag,z_mag,y_mag,GAIA_g_mag,GAIA_bp_mag,GAIA_rp_mag,Mstar,Re,z,GAL_MU_E_R,pmRA,pmDEC,priority,MagnetX_noDC,MagnetY_noDC,type,MagnetX,MagnetY,SkyPosition,fibre_type,Magnet,Label,order,Pickup_option,Index,Hexabundle,probe_orientation,rectMag_inputOrientation,Magnet_C,Label_C,order_C,Pickup_option_C,offset_P,offset_Q
20,108141827139802752,-7.5085984872270775,-130.97269261913732,131.191780841601,-0.6132391652431141,1.5135789837678901,4.15636715816858,182.71396000000001,0.11861189999999999,16.8806991577148,16.4997997283936,16.3568000793457,16.3257007598877,0.0,16.532429,16.892702,16.02133,0.0,0.0,0.0,0.0,-6.699761793683339,-0.0123857341633854,8,-7084.5210066623295,126277.158148509,0,-7502.35,-130977.09,-99,P,rectangular_magnet,R20,1,I,20.0,-54.863983999443924,4.15636715816858,circular_magnet,Gre,1,TR,0.0076407166599999,0.0,-99.0
21,108241832565383696,121.00615628626244,-152.49794865943852,194.67656158089198,0.614591899909444,2.24175633298955,4.656020874099481,183.25659,0.20268662,17.677700042724602,17.431200027465803,17.3526000976563,17.3584995269775,0.0,17.429024,17.648659,17.00737,0.0,0.0,0.0,0.0,1.24236766318444,-14.8429322525629,7,115549.85899333801,145278.044868509,0,121037.85,-152475.58,-99,P,rectangular_magnet,R21,1,I,21.0,-125.21352198773786,4.656020874099481,circular_magnet,Yel,1,TR,0.0387923757399998,0.0,-99.0
