ID,x,y,rads,angs,azAngs,angs_azAng,RA,DEC,u_mag,g_mag,r_mag,i_mag,z_mag,GAIA_g_mag,GAIA_bp_mag,GAIA_rp_mag
108141827139802752,-7.5085984872270775,-130.97269261913732,131.191780841601,-0.6132391652431141,1.5135789837678901,4.15636715816858,182.71396000000001,0.11861189999999999,-99.0,16.8806991577148,16.4997997283936,16.3568000793457,16.3257007598877,16.532429,16.892702,16.02133
108241832565383696,121.00615628626244,-152.49794865943852,194.67656158089198,0.614591899909444,2.24175633298955,4.656020874099481,183.25659,0.20268662,-99.0,17.677700042724602,17.431200027465803,17.3526000976563,17.3584995269775,17.429024,17.648659,17.00737
